hour_minute,open,close
02:00,7349.6,7343.16765
02:01,7352.28195,7339.82595372
02:02,7338.854490000002,7339.89332
02:04,7334.7,7334.7
02:05,7311.765,7292.1
02:07,7271.81,7271.81
02:08,7251.9,7269.0
02:09,7279.8,7298.0
02:10,7251.2,7237.0
02:11,7241.2,7249.0
02:12,7248.0,7245.4397
02:13,7240.0,7240.0
02:14,7231.855,7231.855
02:15,7212.0,7211.957409999999
02:16,7210.2,7219.8685
02:17,7228.0,7236.0
02:18,7245.6,7225.0
02:20,7226.0,7217.1
02:21,7210.0,7210.0
02:23,7241.0,7222.1
02:25,7203.966409999999,7179.593859999999
02:26,7152.58428,7144.9
02:27,7147.0,7210.0
02:28,7194.4,7215.8730000000005
02:29,7220.0,7176.0
02:30,7167.7,7165.5297
02:31,7201.0,7193.3
02:32,7179.670401800001,7179.670401800001
02:34,7172.4740198,7184.8
02:35,7177.991246,7178.710884199999
02:37,7150.0,7159.0
02:38,7159.0,7178.0
02:39,7192.3,7206.0
02:40,7206.0,7171.4345423999985
02:41,7157.0,7167.0
02:43,7156.482059800002,7169.5
02:44,7162.9,7177.0
02:46,7149.2856778,7149.205718000001
02:47,7149.205718000001,7149.205718000001
02:48,7164.1,7181.0
02:49,7164.0,7164.0
02:50,7161.0,7161.0
02:51,7155.0,7150.884873800002
02:52,7149.205718000001,7149.205718000001
02:53,7149.205718000001,7140.5700596
02:54,7134.013356,7116.4222
02:55,7116.4222,7141.2896978
02:56,7164.0,7165.437557400001
02:57,7156.4021,7116.6
02:58,7119.4,7119.3
02:59,7136.0,7125.1378182
03:01,7116.4222,7116.4222
03:02,7108.42622,7108.42622
03:03,7109.945456199999,7108.42622
03:06,7107.466702399999,7107.466702399999
03:07,7107.466702399999,7107.466702399999
03:08,7107.466702399999,7077.8
03:09,7077.0,7097.2
03:10,7120.0,7180.2
03:11,7157.0,7168.0
03:12,7156.482059800002,7155.602502
03:13,7192.0,7205.7
03:14,7197.181598,7197.0
03:15,7179.2,7174.0
03:16,7177.191648,7174.9
03:17,7173.0,7173.8
03:18,7167.0,7161.0
03:19,7160.0,7160.0
03:20,7142.1,7146.9
03:21,7162.9,7148.0
03:22,7141.209738,7141.209738
03:23,7136.41215,7124.4981398
03:24,7137.1317882,7153.5
03:25,7141.4496174,7124.5
03:26,7124.4981398,7144.0
03:27,7122.1,7118.9009538
03:28,7118.0,7103.0
03:29,7098.831044,7085.3178378
03:30,7077.0,7077.0
03:31,7076.522259800001,7064.5808391
03:32,7061.91731308,7041.0
03:33,7047.0,7063.861749
03:34,7066.178817100003,7048.0
03:35,7039.892079000001,7039.892079000001
03:36,7033.8,7033.3
03:37,7031.902189,7014.324431
03:38,7023.0,7029.3
03:39,7031.2,7044.0
03:40,7060.2,7066.2
03:41,7061.0,7042.4
03:42,7039.4,7039.4
03:43,7040.0,7039.0
03:45,7056.3,7079.0
03:46,7078.6,7104.9
03:47,7103.012209999999,7104.5302891
03:48,7096.0,7101.0
03:49,7095.0,7075.1
03:50,7071.2124478,7063.6
03:52,7094.1,7087.831419
03:53,7088.630408,7075.7
03:54,7071.931537899999,7039.2
03:55,7035.1780438999995,7035.098145
03:56,7056.4,7056.4
03:57,7054.992971100001,7031.3
03:58,7047.9,7047.9
03:59,7047.7221712,7047.08298
04:00,7052.0,7047.961867899999
04:01,7058.9080171999985,7074.288447600001
04:03,7063.0,7077.2
04:04,7071.8893536,7063.812403800001
04:05,7063.1,7071.3
04:06,7090.8,7105.31673
04:07,7108.0,7100.0
04:08,7099.0,7102.1179379999985
04:09,7101.318240000001,7101.318240000001
04:10,7126.6,7116.4
04:11,7127.8,7130.0
04:12,7117.0,7105.7
04:13,7103.4,7107.0
04:14,7102.8376662,7118.2
04:15,7118.5917168,7131.6
04:16,7120.0,7121.5
04:20,7096.0,7078.526847
04:21,7088.0,7088.0
04:23,7078.1269980000025,7078.1269980000025
04:25,7067.7309239999995,7062.133038
04:26,7059.0,7054.935756
04:27,7053.3363599999975,7089.4
04:28,7051.0,7062.932736
04:29,7068.0,7075.9
04:30,7086.0,7079.0
04:31,7067.0,7048.7
04:32,7046.5,7047.0
04:33,7053.3,7046.0
04:35,7030.1,7030.1
04:36,7050.0,7038.0
04:37,7047.0,7047.0
04:38,7043.0,7041.0
04:39,7032.0,7028.0
04:40,7066.0,7060.0
04:41,7081.5,7107.715824
04:43,7099.5,7082.0
04:44,7082.0,7081.325790000001
04:45,7081.325790000001,7081.325790000001
04:48,7072.6090818,7073.328809999999
04:49,7066.0,7066.0
04:50,7077.3273,7085.0
04:51,7101.4,7105.9564884
04:52,7108.0,7108.0
04:54,7124.6,7121.0
04:55,7130.0,7133.226190199999
04:56,7188.0,7181.28804
04:57,7187.0,7187.685624
04:58,7199.7,7201.0
04:59,7213.275959999999,7213.275959999999
05:00,7237.0,7237.0
05:01,7237.2669,7193.80399938
05:02,7185.5,7174.5
05:03,7156.019617199999,7179.3
05:04,7193.0,7198.0
05:05,7189.707995100001,7188.987816
05:06,7184.5,7170.8
05:08,7162.0,7139.0
05:09,7151.4584829,7138.2
05:10,7124.971895999999,7123.0
05:11,7146.0,7146.0
05:12,7135.5,7135.5
05:13,7125.0,7130.973388500001
05:14,7129.8,7158.0
05:15,7157.0,7153.619020199999
05:16,7152.0,7175.9
05:17,7186.8,7221.0
05:18,7220.0,7209.8
05:19,7209.792990000001,7227.0
05:20,7240.1,7220.4
05:21,7218.675198899998,7201.8710199
05:22,7204.0,7207.0
05:23,7217.2,7216.6
05:24,7206.8,7206.8
05:25,7220.1,7212.0
05:26,7211.0,7211.0
05:28,7209.792990000001,7225.0
05:29,7224.0365322,7204.0
05:30,7228.0,7257.4
05:31,7245.0,7283.36947184
05:32,7277.3921488000005,7278.0
05:33,7265.507807999998,7300.7
05:34,7295.3,7301.722927600003
05:35,7305.0,7305.0
05:36,7296.0,7287.2
05:37,7291.0,7289.035590800001
05:38,7306.0,7303.489518800001
05:39,7302.0,7302.0
05:40,7279.158740000003,7302.0
05:41,7305.0,7272.0
05:42,7291.2,7291.0
05:43,7278.355743999998,7264.0
05:44,7259.3247388,7242.3815232
05:45,7233.387968000001,7236.599952
05:46,7234.0303648,7144.39257481
05:47,7144.7514599999995,7128.0
05:48,7153.1,7155.5
05:49,7159.0,7153.9
05:50,7156.6,7143.0
05:51,7145.0,7151.0
05:52,7153.0,7158.0
05:53,7138.0,7126.0
05:54,7122.0,7120.0343955
05:55,7101.55659,7115.0
05:57,7110.0,7110.0
05:58,7103.0,7088.75811
05:59,7102.2,7097.557065000001
06:00,7104.0,7099.2368655
06:01,7095.2373405,7094.0
06:02,7103.0,7121.8
06:03,7112.0,7137.0
06:04,7132.0,7111.0
06:05,7111.0,7095.3
06:07,7065.6408555000025,7065.720845999997
06:09,7065.8008365,7065.8008365
06:10,7065.720845999997,7078.0
06:11,7076.3595825,7076.9
06:12,7073.0,7063.2411405
06:14,7059.4,7059.4
06:15,7061.56134,7067.96058
06:16,7086.4,7082.0
06:17,7093.3,7084.8385755
06:18,7090.0,7085.0
06:20,7096.8,7094.037483
06:21,7088.6781194999985,7079.5
06:22,7082.35887,7071.2401905
06:23,7093.1,7092.9
06:24,7093.0775969999995,7076.679544499999
06:25,7071.0,7071.0
06:26,7075.159725,7071.000219
06:27,7069.080447,7058.36172
06:28,7045.643230500003,7015.326831
06:29,7014.7,7007.1678
06:30,7001.0,6999.968655
06:31,6999.968655,7046.07954195
06:32,7048.854736,7024.2937071999995
06:33,7024.0,7024.052912800003
06:34,7025.0,7030.393831999999
06:35,7047.0,7043.0
06:36,7054.0,7059.0
06:37,7060.0,7053.6
06:38,7027.4240344,7045.0
06:39,7029.0,7029.0
06:40,7024.0,7024.052912800003
06:42,7056.1588328000025,7065.630079199997
06:43,7064.1853128,7025.7
06:44,7042.7,7063.3024
06:45,7063.3024,7057.683864
06:47,7023.0,7030.0
06:48,7024.652183,7024.0
06:49,7021.0,7019.0
06:50,7017.0,7016.0
06:51,7009.0,7009.0
06:52,7010.5,7026.0
06:53,7029.450989,7010.0
06:54,7012.7,7014.0
06:55,7018.0,7018.0
06:56,7030.0,7009.0
06:57,7026.3317651000025,7042.0
06:58,7054.5,7095.0
07:00,7079.2785913000025,7095.0346709999985
07:01,7086.636760500001,7086.636760500001
07:02,7063.5,7054.6
07:03,7042.8,7042.8
07:04,7050.5,7030.0
07:05,7025.0,7025.0
07:06,7020.0,7023.0
07:07,7024.7757546,7024.7757546
07:11,7006.2888708,7048.9
07:12,7050.065171400001,7094.0
07:13,7062.0,7092.240876000003
07:14,7102.0,7115.0
07:15,7103.0,7096.3
07:16,7088.879624400001,7088.879624400001
07:18,7082.6373,7064.3
07:19,7061.9,7060.0
07:20,7060.0,7057.0
07:21,7064.0,7053.0
07:22,7050.0,7059.2
07:23,7057.9881216,7057.9881216
07:24,7059.0,7049.4
07:25,7041.0,7059.0
07:26,7056.0674063999995,7056.0674063999995
07:27,7073.3538432,7069.2723234
07:28,7069.2723234,7054.0
07:29,7052.0,7060.0
07:30,7023.8,7012.0
07:31,7011.6508674,7011.6508674
07:32,7034.61942,7034.61942
07:33,7035.419718000001,7022.7
07:34,7021.1,7021.1
07:35,7011.6,7011.6
07:36,7018.0,7011.5708376
07:37,7015.1,7015.1
07:38,7027.0,7027.0
07:39,7031.0,7029.0
07:41,7007.009139,7007.009139
07:42,7007.1,7007.1
07:44,7007.009139,7007.009139
07:45,7003.9680066,7003.887976800002
07:46,7003.807947,7005.0
07:48,7015.0,7013.6
07:49,7021.0,7012.0
07:50,7009.0,7000.0
07:52,6997.5023901999975,6997.5023901999975
07:54,7047.4697026999975,7058.9
07:55,7050.028029100001,7041.0
08:00,7029.4814701999985,7029.4814701999985
08:01,7044.191847,7042.2419907
08:02,7048.2421,7033.35652
08:03,7033.91673,7030.6355
08:04,7016.31013,7016.31013
08:06,7032.15607,7031.755920000001
08:07,7019.1,7011.50833
08:08,7008.2271,7008.2271
08:09,6980.0,6966.69153
08:10,6965.3,6968.0
08:11,6975.0,6979.4163
08:12,6979.256240000002,6979.4163
08:13,6962.69003,6962.69003
08:14,6962.61,6962.69003
08:15,6964.0,6964.0
08:16,6963.4103,6965.1709599999995
08:17,6980.0,6981.0169
08:18,6987.57936,6989.50008
08:19,6988.0,6977.0
08:21,6963.49033,6963.49033
08:22,6963.49033,6963.49033
08:23,6963.49033,6963.49033
08:24,6966.0,6964.0
08:26,6961.40955,6950.0
08:27,6944.0,6927.3968
08:28,6927.1,6933.39905
08:29,6932.59875,6932.59875
08:30,6927.6368900000025,6942.0
08:31,6941.0,6946.0
08:32,6942.0,6931.3983
08:34,6937.0004,6938.76106
08:35,6938.7,6938.7
08:36,6932.0,6932.0
08:37,6931.3983,6926.99665
08:38,6926.67653,6802.55
08:39,6780.54175,6801.7
08:40,6802.46997,6762.775090000001
08:41,6780.301659999999,6802.55
08:42,6802.55,6803.0
08:43,6803.0,6864.25313
08:44,6882.6,6918.7
08:45,6904.3,6920.2
08:46,6871.0,6940.3
08:47,6951.6,6925.0
08:48,6950.0,6908.0
08:49,6903.2,6903.2
08:51,6902.5875,6872.0
08:53,6899.0,6899.30627
08:54,6910.0,6909.0
08:55,6917.0,6952.4
08:56,6969.252490000003,7013.9
08:57,7011.3,6983.0
08:58,6983.0,6970.613
08:59,6970.6930299999985,7005.74617
09:00,7002.70503,7019.4313
09:01,7037.7,7074.360213600001
09:02,7108.2,7057.3
09:03,7044.0,7011.0
09:04,6996.6,7006.0
09:05,7017.0076703999985,7011.1684296
09:06,7016.9276807999995,7016.9276807999995
09:08,7018.8,7029.0
09:09,7028.1,7052.0
09:10,7055.0,7058.0
09:11,7059.0822,7087.1585496000025
09:12,7091.3180088,7100.0
09:13,7102.0,7091.1
09:14,7091.07804,7078.9996104
09:15,7087.078559999999,7063.0
09:16,7041.484487999999,7025.70444108
09:17,7046.8,7030.8832
09:18,7035.676984000002,7027.9
09:19,7012.0,7010.9091
09:21,7043.3,7039.671804000001
09:22,7036.0,7019.7
09:23,7018.2,7012.8
09:24,7015.1,7015.1
09:25,7012.6,7012.0
09:26,7003.718424,7003.718424
09:27,6991.733964,6958.5
09:29,6970.9,6986.8
09:31,6961.0,6983.61765962
09:32,6986.9,6970.776720000003
09:33,6971.0,6964.2
09:34,6978.9,6978.7
09:35,6965.0,6960.4644471
09:36,6959.025525300001,6959.025525300001
09:37,6956.387502,6956.387502
09:38,6958.7857049999975,6971.0
09:39,6971.0,6972.0
09:40,6959.7,6974.773725
09:41,6975.0,6978.2
09:42,6990.0,6985.0
09:43,6990.0,6994.2
09:44,6995.7979712999995,7005.710543699999
09:45,7016.0,7027.7
09:46,7028.5,7056.4
09:47,7042.1,7036.0
09:48,7046.5,7035.8
09:49,7035.7680213,6995.0
09:50,6989.0,6976.1327067
09:51,6990.0,6981.0
09:52,6973.0,6972.375522
09:53,6974.8536651,6965.5006734
09:54,6957.4,6947.9
09:55,6937.0,6925.8503838
09:56,6925.6,6907.7
09:57,6894.913565100002,6909.1429029
09:58,6909.222843000001,6943.0
09:59,6940.0,6939.4
10:00,6950.0,6951.0
10:01,6924.4914020999995,6895.0
10:02,6894.913565100002,6873.969258900002
10:03,6861.4186632,6845.3507031
10:04,6850.6,6876.127641600001
10:05,6891.0,6889.0
10:06,6888.6782373,6880.0
10:07,6889.0,6867.653990999999
10:08,6853.0,6835.9
10:09,6835.118370300002,6857.7
10:10,6857.6,6845.0
10:11,6867.0,6859.7
10:12,6851.0,6838.8
10:13,6838.7,6838.7
10:14,6846.070164,6872.370456899999
10:15,6872.7,6872.6
10:16,6866.9345301,6832.240449
10:17,6824.7,6818.1780666
10:18,6847.8,6858.8471157
10:19,6870.0,6859.0
10:20,6870.512501100001,6870.512501100001
10:21,6870.033101700001,6838.1
10:22,6860.6,6859.7260146
10:23,6854.7,6848.0
10:25,6842.0,6833.1193479
10:26,6814.662471,6799.8010896
10:27,6793.3,6795.0
10:28,6795.0,6798.0
10:29,6807.0,6802.517686200003
10:30,6806.672481000001,6799.8010896
10:31,6807.3915801,6802.1181867
10:32,6791.5713999,6791.5713999
10:33,6767.9,6771.8361246
10:34,6771.5964249,6766.642631100001
10:35,6756.0,6760.250639100002
10:36,6760.250639100002,6788.6151036
10:37,6798.7623908999985,6805.873481999999
10:38,6803.0,6774.0
10:39,6767.9,6769.2
10:40,6769.3,6776.0
10:41,6769.3,6755.536545
10:42,6744.4304589,6745.0
10:43,6751.3817502,6768.6
10:44,6766.8,6784.8
10:45,6783.2618103,6801.2
10:46,6805.0,6811.8553218
10:47,6812.574959999999,6812.495000200001
10:48,6811.0,6812.495000200001
10:49,6812.0,6811.0
10:50,6802.3,6794.7
10:51,6801.4,6805.0
10:52,6810.0,6809.4565278
10:54,6812.574959999999,6812.574959999999
10:55,6812.495000200001,6812.495000200001
10:56,6812.574959999999,6812.495000200001
10:57,6812.495000200001,6810.0
10:58,6812.495000200001,6812.495000200001
10:59,6812.574959999999,6808.57697
11:00,6808.5,6759.6
11:01,6761.0,6791.223336
11:02,6787.0,6764.820134999999
11:03,6771.0,6772.4210564999985
11:04,6771.0,6767.0
11:05,6772.9011147,6791.863413600001
11:06,6791.863413600001,6794.5037336999985
11:07,6794.4237239999975,6794.4237239999975
11:08,6773.0,6776.7
11:10,6777.0,6765.2201835
11:11,6765.2201835,6765.3
11:12,6743.0,6733.8
11:13,6733.8,6720.8148
11:14,6714.8,6692.0
11:15,6696.0,6720.0
11:16,6691.3,6684.21675
11:17,6702.4160758,6687.0
11:18,6689.0,6667.3
11:19,6682.9,6686.0
11:20,6675.411195000002,6668.0
11:21,6647.2,6646.0
11:22,6646.0,6650.0
11:23,6655.0,6646.512964500002
11:24,6647.0,6687.4988205
11:25,6697.8,6749.2
11:26,6764.0270985,6773.873309999999
11:27,6793.2,6814.8591659999975
11:28,6818.0,6820.3026
11:29,6820.3026,6768.8
11:30,6769.07028,6810.4
11:31,6801.890984999999,6796.4
11:32,6801.890984999999,6796.28745
11:33,6796.2,6796.2
11:34,6796.1273489999985,6796.0
11:35,6792.445026,6778.356137999999
11:36,6770.0,6768.9902295
11:37,6768.7,6776.9952795
11:38,6777.7,6777.4755825
11:39,6777.7,6777.555633
11:40,6777.7,6804.2925
11:41,6804.2925,6801.170530500001
11:42,6779.2,6791.9
11:43,6790.1,6804.212449500003
11:44,6804.212449500003,6804.2925
11:45,6795.486945000002,6795.486945000002
11:47,6804.212449500003,6842.716740000003
11:48,6845.2,6858.3265875
11:49,6859.527345,6828.0
11:50,6842.0,6842.0
11:51,6824.3,6815.0
11:52,6819.5,6817.0
11:53,6795.4,6821.183155500001
11:54,6830.0687609999995,6814.8
11:56,6829.0,6829.0
11:57,6842.0,6856.4
11:58,6824.0,6834.0
11:59,6825.1856805000025,6824.305125
12:00,6820.2225495,6803.171793
12:01,6795.326844,6777.555633
12:02,6768.6700275,6771.0
12:03,6768.8,6772.2723
12:04,6774.0,6794.7
12:05,6787.9,6783.2392185
12:06,6770.7513405,6768.6700275
12:07,6765.1478055000025,6750.898816500001
12:08,6736.4,6729.5
12:09,6702.0,6715.276344
12:10,6715.3,6722.640990000001
12:11,6738.5710395,6740.5
12:12,6742.0,6744.254625
12:13,6747.4,6738.0907364999985
12:14,6738.1,6735.369019499999
12:15,6718.8,6722.4
12:16,6721.03998,6720.3180128
12:17,6720.3180128,6720.3180128
12:18,6714.4,6701.0
12:19,6694.762731399999,6697.3262706
12:20,6701.0,6725.6
12:21,6724.6439851999985,6741.8
12:22,6759.3,6749.558381800001
12:23,6732.0,6717.0
12:24,6717.27381,6706.859432
12:25,6706.859432,6695.7
12:26,6696.0,6694.9229526
12:27,6693.2406299999975,6694.762731399999
12:28,6678.0,6675.8566298
12:29,6677.0,6677.0
12:30,6675.9,6676.0
12:31,6681.1,6681.22404
12:32,6696.364943399999,6688.7544364
12:33,6687.7129986,6687.7129986
12:35,6689.2351,6689.2351
12:36,6689.2351,6688.0
12:37,6690.3,6695.9
12:38,6704.6,6709.0
12:39,6723.7,6715.8
12:40,6710.8,6713.2682799999975
12:41,6702.4,6695.0
12:42,6685.0,6687.632888
12:43,6682.826252000003,6683.0
12:44,6682.826252000003,6681.22404
12:45,6679.0,6679.0
12:46,6681.0638188,6676.9072602
12:47,6676.98732,6676.9072602
12:48,6676.98732,6676.98732
12:49,6676.98732,6684.9933
12:50,6684.9933,6730.0
12:51,6733.6,6741.0351599999985
12:52,6730.0,6729.0
12:53,6738.0,6723.5
12:54,6726.4,6727.0
12:55,6725.0232,6725.0232
12:56,6724.8,6700.0
12:57,6700.0,6684.0
12:58,6680.0,6671.6233133999995
12:59,6672.1036722,6671.6233133999995
13:00,6671.6233133999995,6691.0
13:01,6695.0,6715.0
13:02,6702.0,6708.7
13:03,6699.5,6676.5
13:04,6674.0,6676.4269014
13:05,6671.6233133999995,6624.548151
13:06,6624.6,6658.4935061999995
13:07,6667.0,6692.0
13:08,6675.1,6654.0
13:09,6696.3,6707.5
13:10,6724.0,6681.0
13:11,6700.6,6644.9634
13:12,6697.9,6700.1
13:13,6689.796888,6691.0
13:14,6656.0,6681.4
13:15,6679.5,6666.9
13:16,6666.8,6665.5
13:18,6696.9,6700.1246022
13:19,6691.1,6677.1474396
13:20,6676.0,6659.5
13:21,6660.97536,6662.4
13:22,6661.0,6671.0
13:23,6663.4,6664.0176323999995
13:24,6649.0,6649.0
13:25,6650.9,6639.4
13:26,6630.552636,6630.552636
13:27,6636.3970014,6634.5556259999985
13:28,6628.9,6628.9
13:29,6617.743068,6620.0
13:30,6620.94546,6611.1781643999975
13:31,6602.6,6636.922663
13:32,6642.701577399999,6668.6
13:33,6668.2,6663.5698794
13:34,6669.830370000002,6644.0
13:35,6645.9,6654.580457
13:36,6632.0,6632.0
13:37,6627.0,6612.0
13:38,6607.0,6607.0
13:39,6613.4,6621.6
13:41,6608.2,6607.9
13:42,6614.0,6610.9978108999985
13:43,6611.0,6611.0
13:44,6600.5636599,6604.817583
13:45,6611.2,6615.9740983
13:46,6615.9740983,6577.4034638
13:47,6576.763623,6575.6439016
13:48,6574.8,6574.8
13:49,6572.4,6570.5
13:50,6570.365215,6570.4451951
13:51,6570.5,6638.3483
13:52,6638.5082602,6637.1
13:53,6632.749693,6621.0725984
13:54,6621.552479,6621.552479
13:55,6622.2722999,6622.35228
13:56,6621.952379500001,6618.0
13:57,6618.0,6617.4
13:58,6617.0,6622.2722999
13:59,6622.2722999,6622.3
14:00,6622.2722999,6622.2722999
14:01,6626.47572,6626.47572
14:02,6622.0,6614.0
14:04,6601.0,6577.8175408
14:05,6577.897570699999,6576.6971221999975
14:06,6562.4518,6560.2909927
14:07,6556.049408,6552.6881522
14:08,6552.2,6573.4158963
14:09,6576.9,6577.2
14:10,6576.056883,6552.848212
14:11,6552.288002699999,6577.8175408
14:12,6577.3,6553.8
14:13,6546.44582,6540.123457899997
14:14,6533.3,6533.7210658999975
14:15,6532.040438,6523.5
14:16,6523.3,6549.0
14:17,6563.1,6552.1
14:18,6546.5258499,6532.6
14:19,6527.1,6524.7
14:20,6522.43685,6522.5168798999985
14:21,6522.5,6562.4
14:22,6562.0,6558.6
14:23,6551.327643899999,6531.240139
14:24,6532.1204679,6524.8
14:25,6523.237149000001,6512.833262
14:26,6504.029973,6504.029973
14:27,6502.0,6498.3478501
14:28,6492.825787,6492.8
14:29,6493.0,6494.0
14:30,6488.023993,6484.742767100001
14:31,6483.9424681,6485.7
14:32,6483.3,6506.9
14:33,6517.9551756,6509.0
14:34,6497.6275810000025,6505.950690600002
14:35,6510.0322155,6495.9469531
14:36,6495.0,6480.2
14:37,6477.0,6449.3695513
14:38,6442.4869799,6417.5
14:39,6405.0,6418.9
14:40,6425.520641100001,6428.0
14:41,6429.2,6421.0
14:42,6420.1,6413.5161561
14:43,6410.39499,6402.392
14:44,6403.0,6402.392
14:45,6402.392,6409.1
14:46,6410.3,6399.2
14:47,6391.1,6382.1
14:48,6385.0,6382.0
14:49,6385.0,6423.0
14:50,6442.6,6487.7
14:51,6482.3418701,6498.4278799999975
14:52,6510.5,6578.45778
14:53,6578.0,6662.4
14:54,6662.4,6694.9
14:55,6716.2692678,6635.6
14:56,6665.5,6655.7
14:57,6682.4,6645.7
14:58,6659.8,6670.0
14:59,6678.4,6679.8556633
15:00,6682.49665,6740.7
15:01,6740.6,6746.520570000002
15:02,6746.2,6784.9
15:03,6784.9349219999995,6766.0
15:04,6767.168284199999,6758.525055
15:05,6762.5,6786.455490100001
15:06,6786.455490100001,6803.0
15:07,6803.0,6809.344041500001
15:08,6810.54449,6830.0
15:09,6850.7194997999995,6882.5714
15:10,6882.5714,6900.5
15:11,6912.9,6869.686586100002
15:12,6870.0,6789.7367159999985
15:13,6789.576656199999,6762.4465201
15:14,6767.3,6796.1391079999985
15:15,6796.8,6802.5
15:16,6802.4,6754.4435301
15:17,6737.4771913,6776.131633
15:18,6777.5721711999995,6790.6970747999985
15:19,6776.3,6792.217642899999
15:20,6794.058330600001,6834.3
15:21,6834.3,6862.1
15:22,6862.163775499997,6866.805509700002
15:23,6862.9,6821.268496600002
15:24,6864.8,6851.519798800001
15:25,6853.6806061000025,6867.6858386
15:26,6874.7,6880.6506824
15:27,6880.6506824,6882.491370100001
15:28,6882.5714,6906.5
15:29,6914.58336,6947.2
15:30,6962.4,6990.4
15:31,6994.5,6926.2
15:32,6930.6,6920.0
15:33,6910.0,6898.7
15:34,6900.177978,6905.2198616999995
15:35,6883.3,6852.3
15:36,6852.3,6894.8960046
15:37,6889.7740909999975,6872.1
15:38,6873.7,6869.9
15:39,6876.088978100001,6900.017918199997
15:40,6904.339532800002,6922.5063201
15:41,6922.5063201,6922.58635
15:42,6922.5063201,6882.5714
15:43,6876.0,6808.2236229
15:44,6838.554955,6871.4
15:45,6882.491370100001,6882.5714
15:46,6883.1316093,6883.1316093
15:47,6910.235739,6894.8315214
15:48,6891.6223094,6906.7858361
15:49,6907.8,6906.1439937
15:50,6906.0,6907.5881391
15:51,6909.3532056999975,6910.235739
15:52,6939.8407197,6939.92095
15:53,6954.041482800001,6980.0361
15:54,6979.875639399997,6959.4
15:55,6957.010003899999,6968.1620156
15:56,6980.0361,7019.7
15:57,7019.8303288000025,7020.15125
15:58,7020.1,7050.3
15:59,7056.1746546999975,7088.0
16:00,7090.4,7053.9
16:01,7041.4122795,7017.07099836
16:02,7020.2773242,7004.207284199999
16:03,7016.0991138,7049.765847600002
16:04,7054.104758399999,7054.74756
16:05,7054.74756,7054.74756
16:06,7054.74756,7100.4
16:07,7087.1,7138.954569600001
16:08,7139.918772,7173.2
16:09,7183.147179600001,7178.3261676
16:10,7151.1,7151.8106016
16:11,7153.6,7162.4
16:12,7162.416828,7191.0
16:13,7191.2,7089.0
16:14,7133.1,7121.438226
16:15,7119.8,7065.9
16:16,7044.5,7027.875594
16:17,7045.1,7112.039845199999
16:18,7120.0,7115.8946964
16:19,7112.5,7067.1468906
16:20,7080.4,7117.4
16:21,7130.751935400002,7119.107072399999
16:22,7118.1,7115.3
16:23,7087.4,7050.4
16:24,7047.0,6994.868430600001
16:25,6994.6,7006.0
16:26,7008.6013379999995,7010.4
16:27,6961.7,6943.309795800003
16:28,6939.0,6946.0403154
16:29,6946.5221717999975,6987.0
16:30,6987.0,7026.269406
16:31,7027.714975200001,7056.37929682
16:32,7002.0,6988.164421799999
16:33,6989.6,6948.2050014
16:34,6959.2,7002.366866399999
16:35,7004.0,6972.437421
16:36,6952.216991399999,6960.7
16:37,6961.7,6975.9679722
16:38,6961.1,6919.0
16:39,6911.9366118,6920.68275
16:40,6942.0265368,6892.0
16:41,6899.659922399999,6890.753304600001
16:42,6890.2718658,6867.5
16:43,6867.4035228,6922.2
16:44,6930.0,6952.1
16:45,6985.5,7001.2
16:46,7013.0387598000025,6965.66412179
16:47,6956.4292875,7001.0
16:48,7022.5,6970.7
16:49,6983.2511908999995,7001.2
16:50,7040.0,7066.8488
16:51,7074.4,7075.0
16:52,7090.8,7025.3
16:53,7048.0,7032.0
16:54,7026.7,7000.0
16:55,6990.0,6973.1327483
16:56,6973.3,7043.0
16:57,7026.2,6962.6127802
16:58,6982.8,7040.5087272
16:59,7000.9,6976.8267829
17:00,7002.6,6961.0
17:01,6953.0,7002.9860574
17:02,6995.0262,6991.7296934
17:03,7003.0,6955.0
17:04,6997.0,6979.1
17:05,6971.548640800002,6972.4
17:06,6984.4,6965.1968354
17:07,6965.1,6965.1
17:08,6965.1,6979.0
17:09,6961.0,6969.8
17:10,6971.1,6971.1
17:11,6963.749588600002,6964.071198999999
17:12,6980.5537319999985,6990.5
17:13,6966.0,6990.604057
17:14,7011.0,6990.202044
17:15,7010.8,7009.8
17:16,7007.890616,7007.1
17:18,7018.012309100001,7018.012309100001
17:19,7015.6,6977.2
17:20,6977.9,6977.9
17:21,6996.0,6990.2
17:22,7000.304487100001,7000.304487100001
17:23,7001.028898000001,7007.468106
17:24,7016.0,7016.0
17:25,7013.0,7018.73672
17:26,7027.3,7078.0
17:27,7066.950289899999,7046.264334199999
17:28,7045.0,7051.737661
17:29,7054.4743244,7054.4743244
17:30,7055.9231462,7031.373665700001
17:32,7058.98177,7058.98177
17:33,7058.98177,7101.4
17:34,7088.9,7139.3108898
17:35,7139.8,7081.0
17:36,7083.531250499997,7097.8
17:37,7098.9048596,7094.3
17:38,7096.8,7099.22682
17:39,7096.812117,7081.0
17:41,7091.0973199,7099.22682
17:42,7099.22682,7135.3
17:43,7136.7,7162.0
17:44,7175.692415,7179.9
17:45,7164.0,7182.0
17:46,7179.4754496999985,7229.18155512
17:47,7231.0,7269.0
17:48,7273.0,7258.465009999999
17:49,7271.3,7264.2
17:50,7261.6,7258.7872504
17:51,7258.465009999999,7222.0
17:52,7205.4,7212.0
17:53,7228.657773000001,7276.429912299999
17:54,7280.0,7290.68905
17:55,7290.68905,7259.1900509000025
17:56,7251.4,7260.962373100001
17:57,7269.0,7261.0
17:58,7261.0,7270.8
17:59,7270.8712654,7290.68905
18:00,7290.608489899999,7295.0
18:01,7295.0,7308.54470637
18:02,7308.54470637,7354.890248999999
18:03,7347.3335796,7288.5
18:04,7305.2895573,7266.0
18:05,7266.0,7313.8
18:06,7313.5,7293.0
18:07,7292.025190800001,7306.5
18:08,7306.5,7283.343059999997
18:09,7294.1,7281.0
18:10,7281.0,7244.755812
18:11,7241.942158499999,7194.0
18:12,7191.0552252000025,7197.5
18:13,7196.7,7179.1
18:14,7187.0,7174.0
18:15,7171.600820999999,7205.0
18:16,7207.0,7200.84491001
18:17,7200.84491001,7196.0
18:18,7184.7,7190.1
18:19,7198.1318787,7212.668043000002
18:20,7212.0,7215.157662299999
18:21,7212.7483533,7164.0
18:22,7189.0,7189.0
18:23,7195.160397600002,7175.0
18:24,7175.0,7180.0
18:25,7185.3625409999995,7190.1811590000025
18:26,7192.1889165,7210.6
18:27,7223.8311747,7227.0
18:28,7228.9710339,7237.0
18:29,7222.2,7192.2
18:30,7226.5,7251.5
18:31,7252.100400300003,7275.48154845
18:32,7257.9,7227.7
18:33,7231.7,7256.0
18:34,7256.0,7217.2
18:35,7239.8,7255.2
18:36,7234.0,7249.0
18:37,7241.3,7241.3
18:39,7223.542421999998,7223.6
18:40,7242.9091338,7243.6
18:41,7252.0,7259.0
18:42,7260.0,7288.633859999999
18:43,7288.633859999999,7288.0
18:44,7282.1,7304.70582
18:45,7300.0,7289.357098199999
18:46,7289.4,7300.366390800001
18:47,7304.6,7304.70582
18:48,7318.1,7344.5642808
18:49,7321.5,7308.964889399997
18:50,7320.7,7320.7
18:51,7339.8,7350.9
18:52,7351.1,7364.0
18:53,7361.761278,7364.0
18:54,7379.0,7348.0
18:55,7345.0,7358.0
18:56,7341.0,7324.635050399997
18:57,7324.715410199998,7324.715410199998
18:58,7335.242544,7348.180471799998
18:59,7348.7429904,7348.7429904
19:00,7363.9,7295.866242
19:01,7291.2,7272.5
19:02,7251.8290716,7272.5
19:03,7277.5,7292.4107706
19:04,7281.6,7247.0
19:05,7230.8551638,7211.7
19:06,7229.6,7236.2
19:07,7251.0,7221.292347600001
19:08,7230.1,7216.0
19:09,7185.0,7185.0
19:10,7206.4,7192.5235392
19:11,7178.540934000002,7134.4
19:12,7133.5,7145.3
19:13,7165.0,7189.7109462
19:14,7184.0,7184.0
19:15,7169.2,7179.0
19:16,7189.0680678,7210.645117
19:17,7209.6,7212.0
19:18,7216.0,7210.0
19:19,7210.0,7201.0
19:20,7161.8,7158.0683325
19:21,7157.5867130999995,7137.0
19:23,7139.4,7108.9431537
19:25,7111.0,7110.9
19:26,7107.096946,7104.8
19:27,7110.9499012,7084.0594847
19:28,7052.0,7034.1
19:29,7035.656735,7032.0
19:30,7024.9005684,7028.432444
19:31,7041.0,7078.17103672
19:32,7078.17103672,7096.0
19:33,7085.0,7104.0
19:34,7092.0,7148.0
19:35,7130.0,7108.0
19:36,7124.4,7144.581148199999
19:37,7149.6,7166.3
19:38,7155.3,7143.2
19:39,7119.0069501,7119.0069501
19:41,7095.9981887999975,7095.9981887999975
19:42,7096.4,7064.0
19:43,7062.8880201,7055.9132388
19:45,7057.6,7078.200470999999
19:47,7059.0,7059.0
19:48,7041.0,7015.507609199999
19:49,7015.507609199999,7022.0
19:50,6990.8954499,6985.9249161
19:51,6965.0,6951.0
19:52,6953.8569561,6965.0
19:53,6994.6,6994.4
19:54,6962.0,6956.0
19:55,6954.5784852,6982.0
19:56,6961.9,6978.0
19:57,6987.448144200002,7002.0
19:58,7026.571055399999,7031.3010795
19:59,7033.0,7002.0
20:00,7000.0,7008.2
20:01,7010.857755,7006.9
20:02,7022.0,7028.0
20:03,7055.1,7069.7
20:04,7074.993675,7079.0
20:05,7079.0,7093.0
20:06,7094.234451,7036.0311036
20:07,7031.8,7054.0
20:10,7052.7,7037.9
20:11,7023.1237496999975,7038.91722
20:12,7038.91722,7028.4951329999985
20:13,7019.676444,7014.0
20:14,7014.0,7021.0
20:15,7011.8,7011.8
20:16,7011.739623899999,7007.23528406
20:17,7009.23364006,7020.0
20:18,7016.149152,7025.200904
20:19,7014.7,7024.4
20:20,7029.2,7029.1
20:21,7003.0,6991.0
20:22,6963.0,6948.9418959999975
20:23,6935.0038,6935.0038
20:24,6937.246712,6930.678184
20:25,6932.0,6932.60068
20:26,6948.0,6953.0
20:28,6940.0,6936.0
20:29,6936.8,6935.0
20:30,6934.9,6934.9
20:31,6963.3,6961.1
20:32,6969.0480000000025,6962.0
20:33,6952.0,6952.0
20:35,6965.0428,6969.528624
20:36,6986.911192000001,6986.911192000001
20:37,6997.164504,6997.244608
20:38,6994.0,7005.0
20:39,7025.1,7025.1
20:40,7005.0,6982.0
20:43,6977.45892,6977.45892
20:45,6975.0,6975.0
20:46,6991.0,6997.0
20:50,6933.802240000001,6933.802240000001
20:51,6926.9,6915.538528
20:52,6912.0,6904.9648
20:53,6896.874295999999,6880.9336
20:54,6867.2,6852.4
20:55,6855.0,6882.0
20:56,6888.6,6898.7
20:57,6904.9648,6908.97
20:58,6872.042056,6872.042056
20:59,6905.0,6915.3783200000025
21:00,6914.0,6876.9284
21:01,6864.031656,6882.60041646
21:03,6882.62884,6883.5107143999985
21:04,6882.4684992,6881.5866247999975
21:05,6876.215208,6876.215208
21:06,6848.0,6851.362384
21:07,6853.7,6856.2527783999985
21:08,6845.6702856,6841.661765600003
21:09,6841.1005728,6841.1807432
21:10,6829.8767167999995,6829.8767167999995
21:11,6841.741936,6842.463469600001
21:15,6886.5,6886.5
21:16,6892.1,6930.31954936
21:17,6936.0,6931.042559999999
21:18,6942.0,6945.0
21:19,6946.1,6887.0
21:20,6888.0,6888.0
21:21,6892.0,6895.0
21:23,6878.0,6882.0
21:24,6882.0,6878.0
21:25,6878.0,6878.0
21:26,6876.0,6885.0
21:27,6885.0,6914.1
21:28,6899.9,6889.2
21:29,6906.8,6902.6
21:30,6908.0,6906.174236
21:32,6934.0,6968.178159199999
21:33,6972.8,6997.0
21:34,7004.0,7005.4
21:35,7019.3,6965.3
21:36,6963.5218959999975,6992.3
21:37,6972.6,6972.6
21:38,6977.0,6982.3
21:39,6984.1,6993.1
21:40,6999.648076,7021.0
21:41,7024.535,7044.6051
21:42,7046.210708,7054.8809912
21:43,7054.6,7036.4
21:44,7017.4,7036.8
21:45,7037.5,6989.7735868
21:46,6955.7,6965.2880648
21:47,6953.526392,6989.9
21:48,6978.6,6949.596395999999
21:49,6968.9,6970.5296400000025
21:50,6980.0,6975.3
21:51,6986.6506439999985,6980.234323999999
21:52,6979.1,6982.640444
21:53,6996.2,6996.2
21:56,6990.7,6990.7
21:57,6972.0,6942.0
22:01,6953.48259937,6951.48044487
22:02,6946.0,6950.017314399999
22:03,6967.0,6970.0
22:04,6961.0,6961.0
22:05,6962.0,6962.0
22:07,6961.980584,6961.980584
22:08,6965.0,6965.0
22:10,6977.0,6990.3
22:11,6996.023713600001,6992.7318072
22:14,7043.0,7043.0
22:15,7043.0,7043.073888
22:16,7061.0,7061.0
22:17,7065.5552,7084.1825728
22:18,7084.824895999999,7072.3
22:19,7051.9,7041.46808
22:20,7051.986122399999,7051.986122399999
22:21,7042.2709840000025,7050.0
22:24,7036.0,7040.7
22:25,7040.7,7022.1
22:26,7016.3,7007.264369600001
22:28,7014.5,7004.5
22:29,6999.31562,6999.31562
22:30,7022.2,7022.2
22:31,7022.2,7014.7124372
22:32,7011.9849436,7018.6
22:33,7018.4025756,7014.150894399999
22:35,7020.087204,7021.691612000001
22:36,7040.7,7040.7
22:37,7059.3952,7036.051063600001
22:38,7029.9543132,7028.269684800001
22:39,7028.911448000003,7011.8
22:40,7003.0,7000.2727651999985
22:41,7000.1123244,7000.1123244
22:42,6968.746148,6957.3548512
22:44,6935.0,6942.273416
22:45,6963.0,6978.372595999997
22:46,6960.0,6948.0
22:48,6957.0,6942.353636399999
22:49,6942.1931956,6942.112975200002
22:50,6942.0,6939.0646
22:51,6908.0,6921.0
22:52,6925.8,6916.0
22:53,6918.9,6953.343831199999
22:54,6948.3,6920.5
22:56,6943.5,6950.3
22:57,6937.7,6933.5
22:58,6927.9,6918.4
22:59,6920.0,6913.1
23:01,6892.4,6883.0707607999975
23:03,6864.0,6863.657423999999
23:04,6862.9354404,6847.6935644
23:06,6868.0,6868.0
23:07,6882.7498792,6882.7498792
23:08,6873.7,6873.7
23:09,6865.0,6891.012580399999
23:10,6894.94338,6894.94338
23:11,6897.2697716,6891.0
23:17,6893.2,6908.821509199999
23:18,6902.163216,6902.163216
23:21,6875.1,6875.1
23:22,6875.1,6883.0
23:23,6881.6,6887.5631032
23:28,6940.0,6950.2
23:29,6940.6,6911.5
23:30,6911.5,6911.5
23:31,6930.0,6947.9690643999975
23:32,6954.2,6936.0
23:34,6938.1821756,6938.1821756
23:35,6929.3,6950.8
23:36,6950.8,6950.8
23:37,6944.3,6944.3
23:39,6956.7130879999995,6925.3
23:40,6921.2,6941.2
23:42,6938.6,6938.6
23:44,6949.0,6949.0
23:45,6954.4669168,6954.4669168
23:46,6973.34365822,6972.34303494
23:47,6979.0,6977.986142399999
23:48,6977.103168000002,6977.103168000002
23:49,6967.3101792,6967.3101792
23:50,6950.0,6950.0
23:51,6952.8615071999975,6952.8615071999975
23:52,6977.9,6977.9
23:53,6977.9,6965.0
23:54,6968.0,6968.0
23:55,6966.8,6977.9
23:57,6965.4,6926.853897600001
23:58,6932.151744,6921.0
23:59,6924.6865967999975,6931.268769600001
00:00,6904.057104,6904.057104
00:01,6904.057104,6881.3
00:02,6893.5,6879.4
00:03,6871.0,6879.0
00:04,6883.909233600001,6883.909233600001
00:05,6883.8289632,6883.748692800003
00:06,6893.0,6893.0
00:08,6876.444086399999,6870.9
00:09,6863.1994704,6864.242985600001
00:11,6864.483796799997,6898.1973648
00:12,6903.1,6914.6
00:13,6934.1,6934.1
00:14,6951.5,6948.5
00:15,6987.1,6989.4
00:16,6977.103168000002,7003.5924
00:17,7015.632959999999,7043.7276
00:18,7043.8,7055.76816
00:19,7055.76816,7046.6
00:20,7054.0,7054.7246448
00:21,7042.6840848,7032.0
00:22,7012.0,7016.9975568
00:23,7032.248932800001,7094.0
00:24,7094.0,7098.6
00:25,7099.6760688,7091.2
00:26,7079.3676576000025,7075.594948800002
00:27,7077.2806272,7067.2468272
00:28,7060.0,7058.0
00:30,7069.7,7070.1
00:31,7071.0,7084.5049632
00:32,7072.9,7072.9
00:33,7065.0,7105.0
00:34,7087.3,7089.7225392
00:35,7093.0,7093.0
00:36,7092.8,7084.0
00:37,7058.978976,7058.978976
00:39,7069.0,7070.0
00:40,7062.7,7047.741120000002
00:42,7062.5,7047.0
00:44,7042.122192,7026.3
00:45,7024.6,7028.957846400002
00:47,7060.2,7060.263302399999
00:48,7073.4,7074.3106223999985
00:50,7058.2,7058.2
00:51,7052.557344,7052.557344
00:54,7054.3,7054.7
00:55,7071.6,7067.086286399999
00:57,7071.9025104,7071.9025104
00:59,7074.0,7074.0
01:00,7075.7554896,7086.0
01:01,7091.0068656,7087.0
01:02,7094.0,7092.0
01:03,7112.0,7127.5
01:04,7130.0,7130.8
01:05,7135.0,7135.0
01:06,7132.0,7127.289086399999
01:07,7144.0,7168.1467200000025
01:08,7168.1467200000025,7168.1467200000025
01:09,7175.371056,7175.371056
01:10,7192.0,7174.0
01:11,7171.8,7132.1
01:12,7147.5172272,7150.0
01:13,7147.0,7128.01152
01:14,7147.3,7148.2
01:15,7157.310216,7128.3
01:16,7120.8,7125.5
01:17,7119.5,7119.5
01:18,7119.1,7123.0
01:19,7132.0,7132.0
01:20,7135.0,7135.0
01:21,7161.0,7155.7850783999975
01:22,7160.11968,7173.2
01:23,7178.0,7181.9
01:24,7162.2869808,7162.2869808
01:26,7165.1767151999975,7151.0
01:27,7167.9,7168.6
01:28,7169.0,7150.0
01:29,7157.711568000002,7160.11968
01:31,7160.922384,7155.0
01:32,7155.0,7176.0
01:33,7161.0,7161.0
01:34,7172.079969600001,7172.079969600001
01:35,7170.7,7171.1
01:36,7168.2269903999995,7168.2269903999995
01:37,7159.5,7161.0026544
01:39,7144.0656,7108.8
01:40,7128.9,7123.1
01:41,7123.436107199997,7126.0
01:42,7127.9312496,7127.0
01:44,7109.2,7071.82224
01:45,7059.0,7050.0
01:46,7076.0,7083.0
01:47,7099.0,7105.0
01:49,7112.4,7112.4
01:50,7098.0,7089.401457600001
01:51,7077.6819792,7077.6819792
01:53,7131.0,7139.0
01:54,7142.0,7151.0
01:55,7153.4572368,7153.4572368
01:56,7148.0,7131.1
01:57,7124.0,7123.275566399999
01:58,7140.5,7123.5
01:59,7128.1720608,7136.2
