ID,MTS,AMOUNT,PRICE
264866446,1530649164807,-62.34819,16.557
264866417,1530649143397,-7.6,16.557
264866416,1530649143395,-1.2,16.559
264866415,1530649143388,-1.2,16.559
264866384,1530649127875,-60.4109848,16.574
264866383,1530649127870,-37.5,16.575
264866382,1530649127868,-39.6890152,16.576
264866381,1530649127866,-1.2,16.584
264866380,1530649127860,-1.2,16.592
264866373,1530649119300,1.0,16.594
264866356,1530649104310,-50.0,16.6
264866355,1530649104306,-1.2,16.609
264866265,1530649046559,-52.37638717,16.618
264866246,1530649031971,-58.844,16.618
264866245,1530649031325,-9.04918255,16.618
264866244,1530649031320,-1.44177108,16.619
264866243,1530649031316,-48.34504637,16.619
264866240,1530649031213,-3.12412403,16.619
264866238,1530649030327,-58.841,16.619
264866237,1530649029771,-14.10662587,16.619
264866236,1530649029767,-10.35367015,16.62
264866235,1530649029764,-34.38270398,16.62
264866233,1530649029171,-58.836,16.62
264866227,1530649023113,-39.49254537,16.62
264866226,1530649023108,-19.32045463,16.62
264866171,1530648988409,-93.9736,16.62
264866102,1530648962373,-3.09248407,16.62
264866057,1530648939029,-4.542,16.62
264866045,1530648931712,6.7077015,16.622
264866044,1530648931609,3.35383392,16.622
264866043,1530648930838,-7.63548411,16.62
264866042,1530648930834,-92.36451589,16.621
264865893,1530648871785,-30.0,16.621
264865866,1530648862223,-14.49396,16.621
264865838,1530648858553,-141.00570244,16.622
264865837,1530648858549,-83.77758953,16.623
264865823,1530648855377,-4.82154,16.623
264865817,1530648853697,-14.46463,16.623
264865803,1530648851862,-42.08916945,16.623
264865802,1530648851859,-137.91083055,16.623
264865800,1530648851716,-2.5122,16.623
264865799,1530648851511,-4.82953,16.623
264865795,1530648851006,-4.04759497,16.623
264865794,1530648851003,-147.22654225,16.624
264865793,1530648850999,-21.32622114,16.625
264865792,1530648850997,-1.2,16.625
264865791,1530648850990,-6.19964164,16.625
264865774,1530648849294,-14.48858,16.625
264865753,1530648847487,-22.936,16.625
264865747,1530648846689,-3.97931,16.625
264865726,1530648842809,-58.851,16.625
264865725,1530648841873,-36.62478407,16.625
264865724,1530648841869,-22.22621593,16.626
264865700,1530648837779,-14.4754,16.626
264865680,1530648836511,-4.82462,16.626
264865674,1530648836198,-14.4754,16.626
264865673,1530648836194,-24.758862,16.626
264865661,1530648833847,-58.17159124,16.626
264865660,1530648833844,-91.38540876,16.626
264865655,1530648833306,-43.39945386,16.626
264865654,1530648833302,-0.00044614,16.627
264865593,1530648829947,140.0,16.628
264865288,1530648779114,85.2,16.628
264865171,1530648737275,-116.173,16.627
264865170,1530648736808,-14.46418994,16.627
264865169,1530648736805,-0.00087006,16.628
264865168,1530648736529,-112.025,16.628
264865167,1530648736307,-14.46453948,16.628
264865166,1530648736303,-0.00052052,16.629
264865159,1530648733790,-122.34266248,16.629
264865158,1530648733785,-87.54033752,16.629
264865157,1530648733436,-12.01219282,16.629
264865108,1530648709508,-14.45983,16.629
264865079,1530648695239,-7.9161,16.629
264865054,1530648687889,-0.00010331,16.63
264865051,1530648687541,-31.677,16.63
264865049,1530648687194,-93.56913827,16.63
264865048,1530648687190,-6.00726879,16.631
264865047,1530648687187,-128.56402281,16.631
264865046,1530648687183,-0.00057013,16.632
264865044,1530648685767,-93.533,16.632
264865043,1530648685532,-41.66601515,16.632
264865042,1530648685527,-131.88180404,16.632
264865041,1530648685522,-61.11818081,16.633
264865040,1530648685385,-28.94081919,16.633
264865039,1530648685380,-6.00492403,16.633
264865038,1530648685377,-138.51736651,16.633
264865037,1530648685372,-1.2,16.634
264865036,1530648685366,-59.91564687,16.634
264865035,1530648685362,-140.17625713,16.635
264865034,1530648685357,-94.57698627,16.635
264865033,1530648685024,-48.91705209,16.635
264865032,1530648685019,-9.74594791,16.636
264865030,1530648684725,-127.11252798,16.636
264865029,1530648684721,-107.53947202,16.637
264865026,1530648684653,-8.28244613,16.637
264865025,1530648684649,-130.22291343,16.638
264865024,1530648684644,-104.95403219,16.638
264865023,1530648684638,-225.84560825,16.639
264864872,1530648635175,-14.42894,16.65
264864871,1530648635174,-0.00036,16.667
264864870,1530648633908,-292.693,16.667
264864866,1530648632875,-14.429,16.667
264864850,1530648629947,-14.4288,16.667
264864849,1530648629722,-4.81258,16.667
264864836,1530648626407,-4.81258,16.667
264864831,1530648625251,-24.0111,16.667
264864782,1530648621814,-4.81258,16.667
264864770,1530648620975,-21.39,16.667
264864769,1530648620904,-12.99,16.667
264864768,1530648620886,-1.43,16.667
264864767,1530648620883,-4.19,16.667
264864426,1530648583754,3.139,16.671
264864384,1530648583517,0.35464,16.667
264864381,1530648583052,6.362,16.667
264864374,1530648582325,6.362,16.667
264864370,1530648581904,6.362,16.667
264864367,1530648581524,6.362,16.667
264864357,1530648581155,3.139,16.667
264864355,1530648580786,3.139,16.667
264864353,1530648580448,3.139,16.667
264864349,1530648580119,3.139,16.667
264864342,1530648579729,2.406,16.667
264864333,1530648579267,2.406,16.667
264864302,1530648578260,0.0009,16.663
264864271,1530648577756,4.636,16.663
264864265,1530648577386,1.76,16.663
264864182,1530648576690,90.04590214,16.664
264864180,1530648576689,1.76009786,16.659
264864107,1530648576319,20.05,16.66
264864106,1530648575867,1.2,16.66
264864105,1530648575838,6.98,16.66
264864104,1530648575836,5.45,16.66
264864103,1530648575750,1.7,16.66
264864102,1530648575748,2.81,16.66
264864101,1530648575746,1.2,16.659
264864100,1530648575633,1.2,16.657
264864097,1530648575138,0.90048283,16.655
264864095,1530648575087,1.2,16.655
264864094,1530648575056,1.20622865,16.654
264864093,1530648574707,1.2,16.654
264864092,1530648574645,1.8095047,16.653
264864088,1530648574146,0.8,16.651
264864087,1530648574145,0.9527,16.651
264864086,1530648574143,0.4373,16.65
264864085,1530648574092,2.41,16.65
264864083,1530648573949,3.56,16.65
264864069,1530648567579,0.000177,16.641
264864066,1530648567489,4.399,16.641
264864065,1530648567486,311.9,16.641
264864052,1530648564283,-0.998,16.639
264864050,1530648562792,3.15639175,16.639
264863916,1530648549837,21.68086114,16.639
264863915,1530648549834,6.4357,16.639
264863785,1530648499014,-21.9511,16.638
264863741,1530648470013,-16.18639282,16.639
264863740,1530648470010,-4.05460718,16.639
264863729,1530648462761,-43.27443,16.639
264863690,1530648440268,-1.00612351,16.639
264863678,1530648436532,-75.25219027,16.639
264863677,1530648436528,-44.74780973,16.64
264863675,1530648435991,20.0,16.641
264863648,1530648423891,-58.748,16.64
264863633,1530648418456,70.0,16.648
264863632,1530648418453,30.0,16.644
264863630,1530648416894,50.0,16.644
264863613,1530648403170,-11.94948,16.64
264863606,1530648398034,-4.82428,16.64
264863596,1530648395589,17.71877651,16.635
264863595,1530648395586,81.91950087,16.634
264863322,1530648332880,-4.81609,16.611
264863321,1530648332797,-12.901,16.611
264863317,1530648331397,55.03903397,16.617
264863316,1530648330915,15.896,16.618
264863306,1530648327692,56.60497469,16.649
264863304,1530648327612,762.18579629,16.649
264863303,1530648327603,120.0,16.648
264863302,1530648327601,50.0,16.648
264863301,1530648327598,172.84,16.647
264863300,1530648327596,50.79,16.646
264863299,1530648327594,14.47876448,16.642
264863298,1530648327592,321.8082,16.641
264863297,1530648327589,2.0,16.639
264863296,1530648327585,6.04083606,16.637
264863295,1530648327583,2.10048283,16.636
264863294,1530648327580,2.40622865,16.636
264863293,1530648327577,2.40622865,16.635
264863292,1530648327573,282.91,16.634
264863291,1530648327570,1.2,16.634
264863290,1530648327566,300.0,16.633
264863289,1530648327564,2.10048283,16.63
264863288,1530648327561,69.8097,16.628
264863287,1530648327559,80.0,16.628
264863286,1530648327557,174.0,16.628
264863285,1530648327555,1.2,16.625
264863284,1530648327548,200.0,16.623
264863283,1530648327541,155.4495,16.617
264863282,1530648327538,56.55053545,16.615
264863281,1530648327535,2.40622865,16.615
264863280,1530648327532,2.10048283,16.611
264863279,1530648327528,1.2,16.609
264863278,1530648327524,32.02902854,16.606
264863277,1530648327522,2.18952425,16.604
264863276,1530648327517,71.89282715,16.599
264863275,1530648327515,2.40622865,16.599
264863274,1530648327510,11.28213469,16.598
264863273,1530648327508,1.2,16.592
264863272,1530648327503,1.2,16.584
264863271,1530648327498,22.61679,16.583
264863270,1530648327493,19.2,16.583
264863241,1530648294262,17.0,16.583
264863211,1530648276578,-6.156,16.58
264863181,1530648251086,82.4932621,16.58
264863180,1530648251083,6.4972,16.577
264863067,1530648212677,18.035,16.579
264863011,1530648205501,1.2,16.559
264863010,1530648205496,1.2,16.559
264863007,1530648205330,452.9,16.557
264862911,1530648190029,-98.25852036,16.55
264862910,1530648190027,-10.3,16.55
264862909,1530648190025,-31.44147964,16.55
264862850,1530648174797,52.65452036,16.55
264862849,1530648174795,15.904,16.549
264862820,1530648168143,-59.103,16.548
264862792,1530648152693,-59.102,16.548
264862789,1530648150441,-2.36815569,16.548
264862788,1530648150437,-56.70884431,16.549
264862783,1530648149593,-11.92552902,16.55
264862782,1530648149590,-47.15147098,16.55
264862770,1530648146901,-59.074,16.55
264862697,1530648117559,-59.072,16.55
264862695,1530648116247,-7.81,16.55
264862673,1530648112781,-59.065,16.55
264862649,1530648104069,-20.0,16.551
264862508,1530648076334,-95.36097789,16.534
264862301,1530648056416,-89.3526,16.521
264862297,1530648056048,3.8,16.524
264862146,1530648043451,-40.0,16.518
264862138,1530648042785,-1.2,16.526
264862096,1530648038341,-3.8,16.527
264862095,1530648038338,-1.2,16.534
264862077,1530648036299,-2.2934,16.535
264862076,1530648036297,-90.595,16.538
264862068,1530648034865,-40.83150351,16.542
264862067,1530648034860,-9.16849649,16.543
264862030,1530648033102,-33.95185495,16.542
264862029,1530648033097,-6.42177031,16.55
264862028,1530648033093,-8.52455125,16.551
264862027,1530648033090,-10.02582349,16.551
264861987,1530648030000,-1.2,16.559
264861986,1530648029992,-1.2,16.559
264861984,1530648029983,-20.241,16.56
264861863,1530648026765,-27.22601409,16.566
264861854,1530648026440,-8.03754374,16.566
264861845,1530648026042,-18.40234617,16.566
264861843,1530648026036,-13.57009714,16.566
264861750,1530648021720,30.892534,16.589
264861744,1530648020632,-24.1568,16.566
264861727,1530648018997,-0.66714612,16.571
264861726,1530648018991,-1.2,16.584
264861725,1530648018985,-1.2,16.592
264861724,1530648018980,-55.82085388,16.596
264861715,1530648018520,-117.779,16.596
264861713,1530648018232,-58.914,16.596
264861712,1530648018067,-43.4338,16.596
264861700,1530648017636,-4.83952,16.596
264861699,1530648017626,-55.372,16.596
264861689,1530648017401,-10.0,16.596
264861686,1530648017293,-2.09953258,16.596
264861685,1530648017289,-0.00095025,16.597
264861684,1530648017247,-333.33,16.597
264861671,1530648016911,-58.889,16.597
264861670,1530648016889,-5.79,16.597
264861668,1530648016817,-239.7139112,16.598
264861666,1530648016705,-117.734,16.598
264861661,1530648016315,-88.2128,16.598
264861660,1530648016306,-2.10048283,16.598
264861652,1530648016120,-357.88603347,16.599
264861648,1530648015906,-58.81,16.599
264861643,1530648015680,-5.2,16.599
264861633,1530648015383,-5.2,16.599
264861629,1530648015341,-60.0,16.599
264861627,1530648015281,-2.10048283,16.599
264861625,1530648015229,-2.40622865,16.599
264861623,1530648015202,-5.90969286,16.599
264861622,1530648015198,-0.00030714,16.6
264861620,1530648015085,-381.38,16.6
264861617,1530648014840,-7.91867555,16.6
264861614,1530648014717,-48.5485,16.6
264861610,1530648014654,-59.66495512,16.6
264861609,1530648014650,-0.33504488,16.602
264861601,1530648014445,-379.98960135,16.604
264861593,1530648014242,-2.40622865,16.604
264861573,1530648013820,-19.42,16.604
264861550,1530648012770,4.40476168,16.613
264861548,1530648012719,4.07481823,16.613
264861546,1530648012515,8.15435948,16.614
264861544,1530648011871,-43.36305,16.604
264861483,1530647996423,-85.00409999,16.605
264861481,1530647995498,-60.0,16.605
264861479,1530647994838,-60.0,16.605
264861478,1530647994201,-60.0,16.605
264861472,1530647993543,-22.48972703,16.605
264861471,1530647993538,-37.51027297,16.606
264861413,1530647989441,-15.904,16.605
264861385,1530647975443,-3.98112,16.604
264861332,1530647955486,-2.44,16.604
264861290,1530647936305,-12.62,16.604
264861289,1530647936303,-1.2,16.609
264861221,1530647901263,-3.98565,16.61
264861207,1530647898730,25.507,16.645
264861206,1530647898724,34.4,16.633
264861205,1530647898712,39.322,16.645
264861204,1530647898709,1.2,16.634
264861203,1530647898703,2.46,16.634
264861202,1530647898701,1.2,16.624
264861201,1530647898695,14.687,16.617
264861200,1530647898692,1.2,16.609
264861198,1530647896202,-11.97127,16.602
264861186,1530647893666,-130.39305,16.602
264861185,1530647893439,-130.39305,16.602
264861184,1530647893300,-124.91753537,16.602
264861183,1530647893296,-250.0,16.605
264861182,1530647893294,-371.73721252,16.605
264861177,1530647892681,6.37224022,16.604
264861176,1530647892677,73.62775978,16.604
264861175,1530647892674,130.3206,16.602
264861174,1530647892670,40.0,16.599
264861173,1530647892667,70.06749,16.598
264861172,1530647892664,49.16822982,16.596
264861171,1530647892660,190.83177018,16.596
264861170,1530647892656,2.0,16.596
264861169,1530647892652,170.35230942,16.596
264861168,1530647892647,277.74769058,16.596
264861167,1530647892643,70.51101589,16.595
264861166,1530647892639,103.48898411,16.595
264861165,1530647892636,115.05,16.595
264861164,1530647892633,174.49584176,16.595
264861163,1530647892625,348.25870647,16.595
264861162,1530647892619,393.03482587,16.595
264861161,1530647892613,378.10945274,16.595
264861160,1530647892606,336.78417316,16.595
264861159,1530647892600,10.0,16.594
264861158,1530647892594,1.2,16.59
264861157,1530647892587,15.909,16.581
264861156,1530647892583,83.86802087,16.58
264861084,1530647851417,150.50020179,16.595
264861083,1530647851413,40.0,16.594
264861082,1530647851410,204.52827786,16.593
264861081,1530647851407,1.2,16.584
264861079,1530647851400,594.17152035,16.584
264861078,1530647851396,1.2,16.573
264861077,1530647851388,1.2,16.573
264861076,1530647851381,1.2,16.572
264861075,1530647851374,1.2,16.572
264861074,1530647851367,1.2,16.571
264861073,1530647851360,1.2,16.57
264861072,1530647851353,1.2,16.57
264861071,1530647851345,1.2,16.569
264861057,1530647846231,105.82840972,16.584
264861056,1530647846226,193.57445168,16.584
264861055,1530647846223,1.2,16.584
264861054,1530647846217,100.0,16.583
264861053,1530647846211,30.0,16.58
264861052,1530647846208,82.53079331,16.578
264861051,1530647846204,255.597,16.577
264861050,1530647846200,221.9,16.577
264861049,1530647846196,9.36934529,16.577
264861008,1530647828404,-1.99951386,16.566
264860994,1530647820669,-0.00048614,16.583
264860934,1530647808573,1.8,16.584
264860933,1530647808567,1.8,16.584
264860904,1530647805084,-5.715,16.583
264860867,1530647789279,-6.993e-05,16.595
264860849,1530647783476,1.8,16.596
264860848,1530647783414,1.8,16.596
264860754,1530647758467,3.6,16.596
264860753,1530647758457,3.6,16.596
264860558,1530647709716,200.0,16.596
264860552,1530647704254,-7.82572937,16.595
264860551,1530647704251,-0.00027063,16.595
264860549,1530647703861,-3.913,16.595
264860533,1530647702812,120.391,16.599
264860466,1530647671293,6.02554832,16.6
264860411,1530647638370,-9.37,16.598
264860398,1530647634643,44.403,16.631
264860397,1530647634183,60.015,16.616
264860314,1530647603861,10.89068326,16.617
264860313,1530647603859,5.18596171,16.617
264860312,1530647603858,2.0,16.596
264860240,1530647583251,-19.60464877,16.601
264860094,1530647550291,2.97261928,16.613
264860093,1530647550287,2.25674,16.611
264859953,1530647541070,13.51713,16.61
264859952,1530647541067,14.48287,16.6
264859873,1530647512578,-18.7001526,16.552
264859872,1530647512575,-36.2998474,16.553
264859871,1530647512184,18.14004111,16.593
264859863,1530647508271,18.15980629,16.589
264859856,1530647502385,18.14004111,16.596
264859855,1530647502203,18.14004111,16.596
264859854,1530647502192,9.83528222,16.596
264859853,1530647502189,8.30475889,16.59
264859852,1530647501904,11.69524111,16.59
264859851,1530647501902,6.4448,16.589
264859840,1530647499616,18.15980629,16.573
264859839,1530647499534,18.15980629,16.573
264859836,1530647499454,14.22880629,16.573
264859835,1530647499452,3.931,16.563
264859834,1530647499206,18.15980629,16.573
264859833,1530647499116,1.98161753,16.573
264859832,1530647499115,16.17818876,16.564
264859831,1530647498920,18.16090562,16.564
264859817,1530647498717,18.16090562,16.564
264859816,1530647498495,18.16090562,16.563
264859815,1530647498492,18.16090562,16.563
264859791,1530647490815,60.132,16.538
264859786,1530647489276,12.068,16.538
264859784,1530647488620,8.76569424,16.544
264859783,1530647488619,12.01660574,16.543
264859782,1530647488617,3.38590002,16.536
264859779,1530647488221,0.65866143,16.536
264859778,1530647488218,9.1,16.521
264859777,1530647488216,21.43,16.521
264859776,1530647488213,29.10533857,16.52
264859764,1530647487661,14.5074,16.52
264859757,1530647486731,14.5033,16.519
264859747,1530647485842,30.38726143,16.52
264859746,1530647485833,29.90273857,16.519
264859740,1530647484331,24.2109,16.519
264859533,1530647444801,-568.12628328,16.506
264859532,1530647444796,-76.92,16.509
264859531,1530647444795,-14.5177,16.512
264859530,1530647444794,-60.17968115,16.513
264859529,1530647444792,-121.347854,16.52
264859528,1530647444789,-439.026,16.523
264859527,1530647444786,-12.12116686,16.524
264859526,1530647444784,-0.00081196,16.537
264859366,1530647434481,-4.258,16.537
264859354,1530647433579,4.04099712,16.539
264859352,1530647433508,8.08016974,16.539
264859336,1530647432688,-14.674,16.523
264858936,1530647369613,-716.36107216,16.508
264858935,1530647369607,-174.0,16.509
264858934,1530647369605,-70.03687,16.51
264858933,1530647369602,-20.0,16.512
264858932,1530647369600,-40.0,16.513
264858931,1530647369598,-114.9696,16.516
264858930,1530647369594,-56.3888244,16.518
264858929,1530647369590,-66.42593979,16.521
264858928,1530647369588,-14.5076,16.521
264858927,1530647369585,-15.999,16.521
264858926,1530647369583,-34.734,16.523
264858925,1530647369580,-116.71,16.523
264858888,1530647365036,-204.88562854,16.521
264858887,1530647365034,-54.11437146,16.521
264858813,1530647356177,15.98851314,16.548
264858812,1530647356174,99.978,16.544
264858811,1530647356161,25.944,16.543
264858810,1530647356158,105.295,16.539
264858809,1530647356153,2.79448686,16.539
264858762,1530647348329,-397.4111756,16.518
264858730,1530647335667,23.3092,16.539
264858567,1530647312084,1.21028744,16.524
264858493,1530647302195,34.734,16.522
264858492,1530647302193,160.066,16.522
264858491,1530647302191,5.2,16.522
264858394,1530647280731,33.82837923,16.525
264858385,1530647280018,-58.465,16.524
264858310,1530647270632,28.0106846,16.529
264858309,1530647270590,30.0,16.528
264858308,1530647270543,4.980252,16.528
264858189,1530647264758,-1076.96286652,16.513
264858188,1530647264752,-10.0,16.514
264858187,1530647264748,-60.0,16.514
264858186,1530647264745,-100.0,16.514
264858185,1530647264741,-52.5,16.516
264858167,1530647263127,-1.2,16.534
264858166,1530647263122,-8.362738,16.538
264858147,1530647262271,-43.5897,16.538
264858145,1530647262209,-35.305284,16.538
264858097,1530647255201,-43.5499,16.538
264858091,1530647254719,-67.73681445,16.542
264858090,1530647254716,-17.92032966,16.542
264858089,1530647254712,-8.76083883,16.554
264858088,1530647254709,-4.38201706,16.554
264858087,1530647254705,-1.2,16.559
264858000,1530647248849,-129.9746858,16.562
264857997,1530647248843,-69.83575,16.563
264857996,1530647248840,-75.0,16.57
264857994,1530647248838,-174.0,16.571
264857992,1530647248836,-324.91927786,16.572
264857991,1530647248833,-6.02409638,16.576
264857989,1530647248830,-1.2,16.584
264857988,1530647248825,-19.04618996,16.589
264857967,1530647248109,-35.0709141,16.589
264857966,1530647248017,-36.15558154,16.61
264857949,1530647246540,54.72618299,16.611
264857948,1530647246539,20.55207601,16.611
264857937,1530647245543,4.45056308,16.611
264857930,1530647245145,29.11446497,16.611
264857929,1530647245142,168.98593803,16.61
264857911,1530647242339,31.01406196,16.626
264857910,1530647242227,-158.8,16.595
264857909,1530647242223,-50.0,16.6
264857908,1530647242219,-1.2,16.609
264857843,1530647239592,-6.5,16.63
264857837,1530647238581,-41.50683964,16.634
264857836,1530647238499,-12.81,16.634
264857835,1530647238451,-31.07516036,16.634
264857786,1530647232459,-3.701,16.634
264857755,1530647230277,-0.948,16.634
264857744,1530647229424,-82.856,16.632
264857743,1530647229419,-15.944,16.634
264857742,1530647229417,-1.2,16.634
264857738,1530647228544,-10.0,16.639
264857587,1530647221216,-5.99250936,16.658
264857586,1530647221212,-1.2,16.659
264857585,1530647221204,-28.47273836,16.66
264857571,1530647220154,-122.947,16.678
264857481,1530647216435,-10.0,16.661
264857337,1530647211459,-1.2,16.684
264856610,1530647194313,-10.0,16.69
264856380,1530647188783,-5.64,16.69
264856258,1530647185139,-33.82,16.7
264856231,1530647184619,-35.48521123,16.7
264856230,1530647184617,-0.34281877,16.7
264856201,1530647184297,-0.998,16.7
264855989,1530647181774,-37.14944485,16.717
264855965,1530647181242,-4.78555,16.717
264855952,1530647181067,-85.66500515,16.717
264855948,1530647180924,-10.0,16.717
264855947,1530647180811,-40.0,16.717
264855919,1530647180079,-6.02918123,16.7
264855904,1530647179832,-4.13,16.7
264855902,1530647179792,290.0,16.718
264855901,1530647179787,42.41441981,16.718
264855900,1530647179782,13.0,16.717
264855899,1530647179779,1.2,16.708
264855898,1530647179774,3.38558019,16.702
264855897,1530647179771,3.0,16.702
264855896,1530647179769,3.61441981,16.702
264855895,1530647179765,1.9921403,16.701
264855894,1530647179763,2.44752614,16.7
264855893,1530647179760,1.94591375,16.7
264855892,1530647179757,3.05408625,16.7
264855891,1530647179754,73.60696095,16.697
264855889,1530647179752,1.2,16.69
264855887,1530647179747,1.2,16.683
264855884,1530647179739,120.9389528,16.681
264855726,1530647176105,-92.15858001,16.68
264855725,1530647176104,-65.99991999,16.68
264855536,1530647168923,-2.61,16.657
264855519,1530647168410,5.0,16.664
264855518,1530647168407,5.0,16.659
264855517,1530647168405,1.2,16.658
264855516,1530647168400,1.2,16.657
264855498,1530647167691,5.0,16.65
264855497,1530647167689,1289.82915556,16.65
264855416,1530647166254,14.43173,16.65
264855370,1530647165026,77.3672,16.65
264855293,1530647162533,40.0,16.65
264855201,1530647159778,11.482,16.65
264855200,1530647159768,48.71,16.648
264855133,1530647158680,2.9,16.648
264854924,1530647154307,-10.0,16.631
264854822,1530647153075,8.42738,16.65
264854819,1530647153072,51.61,16.649
264854757,1530647152621,-12.37,16.631
264854646,1530647151942,-4.81058,16.631
264854641,1530647151845,59.957,16.649
264854520,1530647150144,4.0,16.65
264854519,1530647150142,54.46253444,16.65
264854518,1530647150139,50.0,16.648
264854517,1530647150135,95.53746556,16.64
264854516,1530647150132,157.24829299,16.64
264854515,1530647150131,1.2,16.633
264854513,1530647150126,66.77418571,16.625
264854512,1530647150124,1.2,16.624
264854511,1530647150119,3.0,16.62
264854510,1530647150117,309.9705213,16.62
264854509,1530647150116,22.0,16.61
264854508,1530647150112,238.607,16.61
264854399,1530647148316,0.8,16.61
264854398,1530647148313,1.2,16.608
264854397,1530647148307,0.8,16.6
264854396,1530647148301,4.61,16.6
264854395,1530647148296,100.0,16.599
264854340,1530647147189,1.2,16.592
264854339,1530647147183,26.94646785,16.59
264854309,1530647146597,6.0280909,16.59
264854256,1530647145601,13.65544125,16.59
264854248,1530647145315,10.0,16.59
264854110,1530647143227,-51.57721966,16.588
264854108,1530647143222,-6.02918123,16.589
264854090,1530647143069,-5.443658,16.587
264854089,1530647143048,19.61987949,16.587
264853843,1530647137926,-4.930575,16.586
264853770,1530647132776,-10.82,16.585
264853758,1530647131997,5.2,16.587
264853746,1530647131371,1.21536217,16.587
264853731,1530647130456,18.13017465,16.587
264853730,1530647130426,20.0,16.587
264853541,1530647124669,18.13236627,16.587
264853530,1530647122845,-8.99738,16.577
264853484,1530647117061,16.93236627,16.586
264853483,1530647117059,1.2,16.583
264853447,1530647110870,-3.0,16.558
264853446,1530647110656,-3.0,16.558
264853441,1530647109516,18.13236627,16.578
264853440,1530647109497,9.24554788,16.578
264853439,1530647109496,8.88681839,16.575
264853437,1530647109385,5.61328161,16.575
264853436,1530647109384,12.51908466,16.57
264853435,1530647109348,1.85,16.57
264853434,1530647109346,16.13091534,16.57
264853433,1530647109344,1.99925931,16.564
264853422,1530647108545,18.13236627,16.564
264853419,1530647108464,12.40146508,16.564
264853418,1530647108461,5.73090119,16.563
264853410,1530647107520,18.13236627,16.563
264853409,1530647107519,18.13236627,16.563
264853406,1530647106901,21.632,16.563
264853405,1530647106874,18.13236627,16.563
264853394,1530647106333,-3.0,16.558
264853388,1530647105411,-3.0,16.558
264853361,1530647103370,-3.0,16.555
264853353,1530647101519,-15.0,16.548
264853351,1530647100719,-2.81490035,16.548
264853334,1530647097512,19.96690934,16.564
264853333,1530647097508,73.39711582,16.562
264853332,1530647097506,156.63597484,16.561
264853331,1530647097504,0.52402516,16.561
264853330,1530647097501,1.2,16.559
264853328,1530647097495,1.2,16.558
264853327,1530647097487,2.15597484,16.55
264853326,1530647097484,55.0,16.547
264853322,1530647096309,60.149,16.545
264853319,1530647094890,60.149,16.545
264853306,1530647093002,18.16090562,16.545
264853304,1530647092696,18.16090562,16.545
264853303,1530647092695,16.3316678,16.545
264853302,1530647092693,1.82923782,16.535
264853300,1530647092303,18.16090562,16.533
264853299,1530647092180,18.16090562,16.533
264853290,1530647090894,91.42,16.534
264853285,1530647089762,57.749,16.534
264853284,1530647089753,1.2,16.533
264853283,1530647089741,1.2,16.526
264853183,1530647079787,30.099,16.519
264853179,1530647078345,60.239,16.519
264853170,1530647075896,198.8,16.519
264853149,1530647068878,150.451,16.519
264853148,1530647068869,62.18,16.511
264853143,1530647066797,57.427,16.519
264853142,1530647066791,3.0,16.518
264853127,1530647061195,-3.0,16.511
264853126,1530647058894,1.2,16.509
264853012,1530647039036,2.95739703,16.498
264853011,1530647038974,39.78960297,16.497
264853010,1530647038963,17.672,16.49
264853009,1530647038807,966.709,16.49
264853008,1530647038793,48.419,16.49
264853007,1530647038790,12.0,16.49
264853006,1530647038698,55.319,16.489
264853005,1530647038695,5.1,16.489
264852911,1530647019269,-0.998,16.48
264852702,1530646998236,-16.97126293,16.48
264852701,1530646998229,-30.36,16.48
264852608,1530646996576,6.16965092,16.497
264852594,1530646996454,5.0,16.497
264852556,1530646995706,-50.95282035,16.482
264852528,1530646993704,0.30752718,16.505
264852527,1530646993702,89.69247282,16.503
264852525,1530646993699,6.95093591,16.503
264852524,1530646993697,54.24906409,16.5
264852523,1530646993694,1.0,16.5
264852522,1530646993691,68.85633006,16.5
264852521,1530646993689,5.0,16.495
264852520,1530646993686,1.2,16.493
264852519,1530646993681,253.06396994,16.49
264852518,1530646993679,1.2,16.484
264852517,1530646993674,55.0,16.481
264852516,1530646993670,1.71,16.468
264852515,1530646993668,2.9987,16.466
264852514,1530646993664,48.461,16.466
264852513,1530646993661,10.11,16.461
264852512,1530646993657,1.2,16.46
264852511,1530646993651,1.2,16.459
264852509,1530646993647,50.0,16.452
264852383,1530646985695,1.2,16.452
264852381,1530646985356,3.87047,16.452
264852380,1530646985354,0.998,16.449
264851992,1530646963318,1.2,16.448
264851910,1530646943555,89.19502139,16.455
264851909,1530646943552,12.0,16.455
264851908,1530646943550,10.88800852,16.45
264851907,1530646943547,1.2,16.436
264851906,1530646943534,14.97235072,16.435
264851905,1530646943531,62.69444537,16.434
264851904,1530646943528,9.050174,16.421
264851765,1530646925881,4.3233,16.449
264851764,1530646925879,20.43037529,16.449
264851763,1530646925876,279.56962471,16.446
264851762,1530646925809,128.97304162,16.446
264851761,1530646925745,20.0,16.445
264851760,1530646925742,80.0,16.439
264851759,1530646925740,1.2,16.435
264851758,1530646925733,131.70732,16.43
264851757,1530646925731,1.2,16.427
264851756,1530646925725,1.45,16.421
264851755,1530646925722,3.61,16.421
264851754,1530646925720,240.0,16.418
264851753,1530646925717,289.53787053,16.417
264851752,1530646925715,1.2,16.411
264851751,1530646925708,250.0,16.41
264851750,1530646925705,66.97570395,16.41
264851749,1530646925703,50.0,16.402
264851748,1530646925700,33.60893042,16.402
264851437,1530646884382,-62.69444537,16.384
264851375,1530646875667,5.2,16.399
264851103,1530646866057,235.27536888,16.398
264851102,1530646866056,50.0,16.386
264851101,1530646866054,14.72463112,16.385
264851040,1530646864274,35.38140733,16.365
264850995,1530646863557,302.57303996,16.419
264850994,1530646863550,7.35,16.418
264850992,1530646863546,5.32474112,16.418
264850991,1530646863544,240.0,16.412
264850989,1530646863541,1.2,16.411
264850988,1530646863534,300.0,16.41
264850987,1530646863532,8.18,16.41
264850986,1530646863528,408.54266633,16.406
264850985,1530646863463,14.69912724,16.405
264850984,1530646863461,5.37852639,16.405
264850983,1530646863459,1.2,16.403
264850982,1530646863452,80.0,16.401
264850981,1530646863450,2.42,16.401
264850980,1530646863448,2.83,16.401
264850979,1530646863446,76.33022,16.397
264850978,1530646863444,196.69,16.397
264850977,1530646863441,4.0,16.395
264850975,1530646863438,75.0,16.394
264850972,1530646863436,57.5,16.392
264850971,1530646863432,190.0,16.391
264850970,1530646863429,4.73,16.39
264850969,1530646863427,1.2,16.386
264850968,1530646863421,1367.054,16.385
264850967,1530646863412,141.70437,16.384
264850966,1530646863410,200.0,16.383
264850965,1530646863406,1.88200265,16.38
264850964,1530646863404,54.42309959,16.375
264850963,1530646863401,12.0,16.372
264850962,1530646863399,1.67958317,16.372
264850961,1530646863397,70.85447,16.371
264850960,1530646863395,37.5,16.368
264850959,1530646863392,1.2,16.362
264850958,1530646863387,1.2,16.362
264850957,1530646863380,91.685,16.359
264850956,1530646863376,12.49915355,16.358
264850955,1530646863374,21.17,16.352
264850896,1530646861924,1.2,16.337
264850270,1530646836301,25.34180518,16.333
264850269,1530646836289,1.2,16.329
264850268,1530646836278,29.55740482,16.328
264850267,1530646836269,4.91779,16.317
264850266,1530646835896,50.0,16.313
264850265,1530646835894,122.34763812,16.313
264850235,1530646826101,1.19,16.313
264850234,1530646825940,7.11526864,16.313
264850232,1530646824957,22.55684158,16.313
264850231,1530646824843,12.81824231,16.313
264850230,1530646824782,8.11776007,16.313
264850229,1530646824617,4.05956342,16.313
264850228,1530646824609,24.35047921,16.313
264850225,1530646824210,15.83901443,16.313
264850223,1530646823780,19.11167118,16.313
264849955,1530646767428,-9.6733055,16.312
264849954,1530646767427,-96.61363389,16.312
264849953,1530646767426,-300.0,16.312
264849952,1530646767424,-93.72,16.312
264849928,1530646763169,42.2179,16.313
264849927,1530646763167,1.2,16.313
264849926,1530646763162,0.677,16.313
264849917,1530646761128,59.323,16.313
264849908,1530646760442,7.976,16.309
264849907,1530646760248,42.024,16.309
264849775,1530646727594,2.0,16.309
264849566,1530646628536,53.249,16.312
264849565,1530646628524,1.2,16.297
264849558,1530646625234,50.0,16.289
264849557,1530646625232,1.2,16.289
264849477,1530646592790,24.5489,16.288
264849476,1530646592701,8.744532,16.268
264849474,1530646591747,41.255468,16.268
264849424,1530646574488,45.6767,16.268
264849423,1530646574486,4.3233,16.268
264849366,1530646546990,50.0,16.26
264849365,1530646546987,59.88536752,16.26
264849364,1530646546160,54.38018387,16.26
264849359,1530646544934,9.96865661,16.26
264849313,1530646535408,7.28947971,16.26
264849311,1530646535154,3.64531229,16.26
264849309,1530646534518,-19.58360752,16.243
264849308,1530646534516,-35.75129248,16.243
264849016,1530646449161,-1.74870752,16.251
264849015,1530646449160,-2.4,16.252
264849014,1530646448890,-51.70307459,16.252
264849013,1530646448886,-1.2,16.264
264849012,1530646448878,-1.2,16.264
264848834,1530646408885,-0.997,16.265
264848829,1530646406636,25.29711807,16.291
264848828,1530646406633,92.068,16.291
264848827,1530646406628,50.0,16.278
264848826,1530646406626,89.76688396,16.278
264848825,1530646406624,9.685016,16.273
264848133,1530646363947,174.0,16.297
264848132,1530646363945,1.2,16.297
264848118,1530646363035,1.2,16.289
264848112,1530646362602,251.68,16.285
264848105,1530646361950,1.2,16.285
264848088,1530646361231,200.0,16.273
264848065,1530646360667,16.136,16.286
264848050,1530646360144,135.99,16.283
264848027,1530646359902,23.664,16.282
264848026,1530646359894,37.5,16.276
264848020,1530646359692,549.18,16.275
264848001,1530646359172,180.0,16.275
264848000,1530646359169,10.0,16.274
264847926,1530646357588,92.077,16.257
264847877,1530646356166,1.2,16.264
264847876,1530646356161,1.2,16.264
264847718,1530646352643,92.47,16.241
264847706,1530646352186,37.5,16.24
264847705,1530646352184,1.2,16.24
264847690,1530646351782,0.00018675,16.239
264847667,1530646351127,52.384,16.239
264847583,1530646348989,50.0,16.23
264847522,1530646347497,6.165,16.226
264847322,1530646339005,6.16865092,16.22
264847280,1530646334757,50.0,16.212
264847207,1530646297392,10.0,16.212
264847203,1530646296420,-84.39427601,16.21
264847144,1530646279381,6.16598841,16.211
264847078,1530646261023,43.83401159,16.225
264847077,1530646261021,6.16598841,16.224
264846924,1530646239704,1.71888784,16.232
264846923,1530646239701,38.28111216,16.224
264846854,1530646229225,1.21562928,16.224
264846849,1530646228827,-90.0,16.211
264846845,1530646228524,11.125,16.222
264846841,1530646228276,5.0,16.224
264846840,1530646228225,1.21562928,16.224
264846835,1530646228112,1.21562928,16.224
264846833,1530646227916,5.0,16.224
264846804,1530646225321,0.00037662,16.211
264846775,1530646223499,8.293,16.211
264846764,1530646223325,4.56,16.211
264846762,1530646223137,50.0,16.211
264846761,1530646223136,20.0,16.211
264846760,1530646223134,52.501,16.211
264846759,1530646223132,126.00022131,16.211
264846758,1530646223121,3.31,16.211
264846755,1530646223115,5.29,16.211
264846754,1530646223111,23.48,16.211
264846753,1530646223101,3.35,16.211
264846751,1530646222815,5.0,16.211
264846735,1530646222047,1.21562928,16.211
264846722,1530646221114,1.21562928,16.211
264846711,1530646220080,1.21562928,16.211
264846695,1530646219046,1.21562928,16.211
264846687,1530646218484,1.10872462,16.211
264846677,1530646218074,1.21562928,16.211
264846671,1530646217931,1.21562928,16.211
264846483,1530646212427,1.10872462,16.211
264846466,1530646211712,1.21562928,16.211
264846459,1530646211343,1.10872462,16.211
264846455,1530646211078,1.10872462,16.211
264846449,1530646210553,-146.61534323,16.21
264846446,1530646210502,-1.54216273,16.21
264846410,1530646209339,1.10872462,16.211
264846395,1530646208355,1.10872462,16.211
264846371,1530646207495,1.10872462,16.211
264846359,1530646207176,-34.128,16.21
264846300,1530646206340,1.10872462,16.211
264846241,1530646205460,6.12631638,16.211
264846236,1530646205327,1.10872462,16.211
264846233,1530646205215,2.81388258,16.211
264846220,1530646204396,1.10872462,16.211
264845904,1530646178613,-1656.507,16.21
264845891,1530646176513,-20.0,16.21
264845862,1530646174312,-100.0,16.21
264845858,1530646173667,-50.0,16.21
264845836,1530646169349,-54.10487335,16.211
264845338,1530646128631,-200.0,16.21
264845337,1530646128628,-200.0,16.21
264845336,1530646128624,-1.0,16.21
264845335,1530646128621,-0.998,16.21
264845334,1530646128618,-783.30767987,16.21
264845333,1530646128613,-1367.054,16.212
264845332,1530646128602,-16.125,16.213
264845331,1530646128599,-37.5,16.213
264845330,1530646128595,-4.0,16.214
264845329,1530646128591,-21.85064935,16.214
264845328,1530646128586,-1.2,16.215
264845327,1530646128579,-5.15157508,16.215
264845326,1530646128575,-3.88837513,16.216
264845325,1530646128571,-300.0,16.22
264845324,1530646128567,-80.0,16.22
264845323,1530646128564,-1630.683,16.221
264845322,1530646128557,-141.80401,16.221
264845321,1530646128553,-4.1353187,16.221
264845320,1530646128548,-100.0,16.222
264845319,1530646128543,-1.24,16.222
264845318,1530646128539,-12.0,16.223
264845317,1530646128535,-7.2,16.223
264845316,1530646128532,-5.15157508,16.223
264845315,1530646128528,-4.0,16.224
264845314,1530646128524,-21.32189239,16.224
264845313,1530646128520,-77.0,16.225
264845312,1530646128514,-3.125,16.226
264845311,1530646128509,-3.67097701,16.227
264845310,1530646128505,-1.2,16.231
264845309,1530646128498,-5.15157508,16.231
264845308,1530646128494,-70.8669,16.235
264845307,1530646128490,-4.0,16.235
264845306,1530646128487,-20.79313544,16.235
264845305,1530646128481,-20.62810352,16.236
264845304,1530646128478,-5.97,16.238
264845303,1530646128474,-6.78,16.238
264845302,1530646128470,-3.45357889,16.238
264845301,1530646128466,-200.0,16.239
264845300,1530646128462,-17.2117559,16.239
264845299,1530646128458,-12.53589856,16.239
264845266,1530646120981,-5.54410144,16.239
264845265,1530646120979,-5.15157508,16.239
264845264,1530646120976,-33.39577791,16.239
264845263,1530646120973,-5.1,16.24
264845116,1530646083515,-16.0,16.239
264845068,1530646072734,-111.54466177,16.239
264845067,1530646072731,-12.31602931,16.24
264844908,1530646048814,-20.0,16.239
264844907,1530646048809,-3.8,16.239
264844906,1530646048807,-0.2,16.24
264844905,1530646048800,-1.0,16.24
264844889,1530646046809,190.314984,16.256
264844821,1530646036345,-0.37053285,16.273
264844819,1530646036184,-11.91976396,16.273
264844818,1530646036182,-0.06079812,16.273
264844603,1530646001920,-1.3936415,16.273
264844549,1530645988743,-12.28878648,16.275
264844548,1530645988740,-13.85424209,16.275
264844377,1530645936400,-41.7488,16.275
264844344,1530645925497,-0.65688191,16.275
264844343,1530645925493,-0.36889025,16.275
264844342,1530645924735,-11.92745159,16.275
264844127,1530645869003,6.39274538,16.283
264844116,1530645865017,50.94553301,16.283
264843955,1530645829930,44.96636911,16.283
264843954,1530645829928,16.48163089,16.282
264843931,1530645829243,7.37712665,16.283
264843930,1530645829241,54.10487335,16.282
264843889,1530645825303,-68.40983237,16.241
264843888,1530645825299,-63.90853674,16.245
264843887,1530645825296,-16.48163089,16.246
264843886,1530645825294,-1.2,16.264
264843885,1530645825288,-250.0,16.265
264843774,1530645819360,1.0,16.295
264843762,1530645818904,89.00910402,16.289
264843761,1530645818902,1.2,16.289
264843760,1530645818897,33.69089598,16.288
264843720,1530645817504,-50.0,16.24
264843719,1530645817499,-99.85220157,16.24
264843718,1530645817494,-32.89641603,16.24
264843717,1530645817489,-300.0,16.24
264843716,1530645817484,-4.0,16.24
264843715,1530645817478,-946.88921425,16.24
264843714,1530645817473,-53.11078575,16.242
264843713,1530645817471,-63.0,16.242
264843712,1530645817469,-117.88921425,16.242
264843711,1530645817466,-4.0,16.245
264843710,1530645817464,-20.26437848,16.245
264843709,1530645817461,-2.85,16.247
264843708,1530645817459,-2.62,16.247
264843707,1530645817457,-5.15157508,16.248
264843706,1530645817454,-6.07398528,16.248
264843705,1530645817451,-50.0,16.25
264843704,1530645817449,-4.7360411,16.25
264843703,1530645817446,-3.23618077,16.25
264843702,1530645817444,-14.0,16.25
264843701,1530645817442,-22.374626,16.252
264843700,1530645817439,-174.0,16.255
264843699,1530645817437,-9.51,16.255
264843698,1530645817435,-4.0,16.255
264843697,1530645817432,-19.73562152,16.255
264843696,1530645817430,-2.54,16.256
264843695,1530645817427,-5.15157508,16.256
264843694,1530645817424,-6.103012,16.257
264843693,1530645817422,-16.064,16.258
264843692,1530645817420,-33.69089598,16.259
264866446,1530649164807,-62.34819,16.557
264866446,1530649164807,-62.34819,16.557
264866446,1530649164807,-62.34819,16.557
264866446,1530649164807,-62.34819,16.557
264866446,1530649164807,-62.34819,16.557
264866446,1530649164807,-62.34819,16.557
264866446,1530649164807,-62.34819,16.557
264866446,1530649164807,-62.34819,16.557
264866446,1530649164807,-62.34819,16.557
